date;account;category;amount;currency;converted amount;currency;description
16/10/2016;Cash;Car;-1300;RUB;-1300;RUB;
16/10/2016;Cash;Food;-609;RUB;-609;RUB;
16/10/2016;Cash;Car;-100;RUB;-100;RUB;
17/10/2016;Cash;Food;-1140;RUB;-1140;RUB;
17/10/2016;Cash;House;-236;RUB;-236;RUB;
18/10/2016;Cash;Electronics;-765;RUB;-765;RUB;�������
18/10/2016;Cash;Food;-282;RUB;-282;RUB;
18/10/2016;Cash;House;-500;RUB;-500;RUB;
18/10/2016;Cash;Food;-131;RUB;-131;RUB;
19/10/2016;Cash;Eating out;-180;RUB;-180;RUB;
19/10/2016;Cash;Communications;-100;RUB;-100;RUB;
19/10/2016;Cash;House;-184;RUB;-184;RUB;
20/10/2016;Cash;Food;-148;RUB;-148;RUB;
20/10/2016;Cash;Eating out;-180;RUB;-180;RUB;
20/10/2016;Cash;Salary;10400;RUB;10400;RUB;
20/10/2016;Cash;Health;-4000;RUB;-4000;RUB;
21/10/2016;Cash;Eating out;-180;RUB;-180;RUB;
21/10/2016;Cash;Car;-35;RUB;-35;RUB;
22/10/2016;Cash;Food;-210;RUB;-210;RUB;
22/10/2016;Cash;Car;-500;RUB;-500;RUB;������
22/10/2016;Cash;Car;-218;RUB;-218;RUB;
22/10/2016;Cash;Eating out;-123;RUB;-123;RUB;
22/10/2016;Cash;Car;-402;RUB;-402;RUB;������
23/10/2016;Cash;Eating out;-248;RUB;-248;RUB;
23/10/2016;Cash;Entertainment;-300;RUB;-300;RUB;�����
23/10/2016;Cash;Food;-181;RUB;-181;RUB;
24/10/2016;Cash;Eating out;-180;RUB;-180;RUB;
24/10/2016;Cash;Salary;12000;RUB;12000;RUB;
24/10/2016;Cash;Food;-207;RUB;-207;RUB;
25/10/2016;Cash;Clothes;-570;RUB;-570;RUB;
25/10/2016;Cash;Food;-400;RUB;-400;RUB;
25/10/2016;Cash;Eating out;-230;RUB;-230;RUB;
26/10/2016;Cash;Eating out;-50;RUB;-50;RUB;
26/10/2016;Cash;Eating out;-180;RUB;-180;RUB;
26/10/2016;Cash;Entertainment;-700;RUB;-700;RUB;
27/10/2016;Cash;Eating out;-50;RUB;-50;RUB;
27/10/2016;Cash;Eating out;-180;RUB;-180;RUB;
27/10/2016;Cash;Entertainment;-160;RUB;-160;RUB;
27/10/2016;Cash;Eating out;-220;RUB;-220;RUB;
28/10/2016;Cash;Eating out;-183;RUB;-183;RUB;
29/10/2016;Cash;Eating out;-230;RUB;-230;RUB;
29/10/2016;Cash;Transport;-200;RUB;-200;RUB;
30/10/2016;Cash;Car;-2860;RUB;-2860;RUB;����� �������
30/10/2016;Cash;Transport;-200;RUB;-200;RUB;
30/10/2016;Cash;Car;-500;RUB;-500;RUB;������
30/10/2016;Cash;Food;-560;RUB;-560;RUB;
30/10/2016;Cash;Eating out;-178;RUB;-178;RUB;
30/10/2016;Cash;Food;-128;RUB;-128;RUB;
30/10/2016;Cash;Eating out;-200;RUB;-200;RUB;
30/10/2016;Cash;Entertainment;-150;RUB;-150;RUB;
30/10/2016;Cash;Transport;-40;RUB;-40;RUB;
31/10/2016;Cash;Eating out;-100;RUB;-100;RUB;
31/10/2016;Cash;Eating out;-180;RUB;-180;RUB;
01/11/2016;Cash;Communications;-300;RUB;-300;RUB;
01/11/2016;Cash;Communications;-200;RUB;-200;RUB;
01/11/2016;Cash;Car;-1550;RUB;-1550;RUB;
01/11/2016;Cash;House;-1600;RUB;-1600;RUB;�����
01/11/2016;Cash;Eating out;-186;RUB;-186;RUB;
02/11/2016;Cash;Eating out;-180;RUB;-180;RUB;
03/11/2016;Cash;Food;-283;RUB;-283;RUB;
03/11/2016;Cash;Entertainment;-320;RUB;-320;RUB;
03/11/2016;Cash;Eating out;-220;RUB;-220;RUB;
03/11/2016;Cash;Transport;-100;RUB;-100;RUB;
04/11/2016;Cash;Eating out;-178;RUB;-178;RUB;
04/11/2016;Cash;Food;-187;RUB;-187;RUB;
05/11/2016;Cash;Eating out;-197;RUB;-197;RUB;
05/11/2016;Cash;Transport;-160;RUB;-160;RUB;
05/11/2016;Cash;Eating out;-377;RUB;-377;RUB;
05/11/2016;Cash;Food;-83;RUB;-83;RUB;
06/11/2016;Cash;Eating out;-39;RUB;-39;RUB;
07/11/2016;Cash;Eating out;-210;RUB;-210;RUB;
07/11/2016;Cash;Salary;11618;RUB;11618;RUB;
07/11/2016;Cash;Transport;-3500;RUB;-3500;RUB;������ � ���
08/11/2016;Cash;Eating out;-50;RUB;-50;RUB;
08/11/2016;Cash;Eating out;-160;RUB;-160;RUB;
08/11/2016;Cash;Food;-116;RUB;-116;RUB;
09/11/2016;Cash;House;-500;RUB;-500;RUB;��������
09/11/2016;Cash;Eating out;-180;RUB;-180;RUB;
09/11/2016;Cash;Eating out;-50;RUB;-50;RUB;
09/11/2016;Cash;Selling;4700;RUB;4700;RUB;�������
09/11/2016;Cash;Food;-495;RUB;-495;RUB;
10/11/2016;Cash;Eating out;-50;RUB;-50;RUB;
10/11/2016;Cash;Eating out;-220;RUB;-220;RUB;
10/11/2016;Cash;Entertainment;-160;RUB;-160;RUB;
10/11/2016;Cash;Transport;-305;RUB;-305;RUB;
11/11/2016;Cash;Food;-60;RUB;-60;RUB;
11/11/2016;Cash;Salary;17000;RUB;17000;RUB;
11/11/2016;Cash;Eating out;-180;RUB;-180;RUB;
11/11/2016;Cash;Car;-5000;RUB;-5000;RUB;������
12/11/2016;Cash;Food;-25;RUB;-25;RUB;
12/11/2016;Cash;Transport;-100;RUB;-100;RUB;
13/11/2016;Cash;Eating out;-178;RUB;-178;RUB;
13/11/2016;Cash;Food;-143;RUB;-143;RUB;
13/11/2016;Cash;Eating out;-240;RUB;-240;RUB;
13/11/2016;Cash;Entertainment;-350;RUB;-350;RUB;
14/11/2016;Cash;Eating out;-210;RUB;-210;RUB;
14/11/2016;Cash;House;-184;RUB;-184;RUB;���
14/11/2016;Cash;Food;-333;RUB;-333;RUB;
15/11/2016;Cash;Eating out;-180;RUB;-180;RUB;
15/11/2016;Cash;Food;-472;RUB;-472;RUB;
16/11/2016;Cash;Eating out;-180;RUB;-180;RUB;
16/11/2016;Cash;Eating out;-101;RUB;-101;RUB;
17/11/2016;Cash;Eating out;-50;RUB;-50;RUB;
17/11/2016;Cash;Entertainment;-350;RUB;-350;RUB;
17/11/2016;Cash;Communications;-100;RUB;-100;RUB;
17/11/2016;Cash;Entertainment;-160;RUB;-160;RUB;
17/11/2016;Cash;Eating out;-220;RUB;-220;RUB;
18/11/2016;Cash;Salary;10400;RUB;10400;RUB;
18/11/2016;Cash;Entertainment;-1500;RUB;-1500;RUB;
18/11/2016;Cash;Transport;-256;RUB;-256;RUB;
19/11/2016;Cash;Eating out;-261;RUB;-261;RUB;
19/11/2016;Cash;Eating out;-386;RUB;-386;RUB;
19/11/2016;Cash;Transport;-50;RUB;-50;RUB;
19/11/2016;Cash;Food;-87;RUB;-87;RUB;
20/11/2016;Cash;House;-850;RUB;-850;RUB;������
20/11/2016;Cash;Eating out;-159;RUB;-159;RUB;
20/11/2016;Cash;Food;-338;RUB;-338;RUB;
20/11/2016;Cash;Eating out;-300;RUB;-300;RUB;
20/11/2016;Cash;Eating out;-456;RUB;-456;RUB;
21/11/2016;Cash;Car;-1000;RUB;-1000;RUB;�����
21/11/2016;Cash;Car;-2590;RUB;-2590;RUB;�����
21/11/2016;Cash;Transport;-120;RUB;-120;RUB;�����
21/11/2016;Cash;Eating out;-230;RUB;-230;RUB;
21/11/2016;Cash;Salary;12000;RUB;12000;RUB;
21/11/2016;Cash;House;-2805;RUB;-2805;RUB;
21/11/2016;Cash;Food;-702;RUB;-702;RUB;
22/11/2016;Cash;Eating out;-180;RUB;-180;RUB;
22/11/2016;Cash;Car;-2000;RUB;-2000;RUB;������
22/11/2016;Cash;Car;-800;RUB;-800;RUB;�����
23/11/2016;Cash;Eating out;-50;RUB;-50;RUB;
23/11/2016;Cash;Eating out;-193;RUB;-193;RUB;
24/11/2016;Cash;Eating out;-50;RUB;-50;RUB;
24/11/2016;Cash;Eating out;-205;RUB;-205;RUB;
24/11/2016;Cash;House;-100;RUB;-100;RUB;
24/11/2016;Cash;Transport;-200;RUB;-200;RUB;
24/11/2016;Cash;Eating out;-190;RUB;-190;RUB;
25/11/2016;Cash;Eating out;-180;RUB;-180;RUB;
25/11/2016;Cash;Salary;4082;RUB;4082;RUB;
25/11/2016;Cash;Car;-1000;RUB;-1000;RUB;��������
25/11/2016;Cash;Car;-420;RUB;-420;RUB;�����
25/11/2016;Cash;Electronics;-232;RUB;-232;RUB;
25/11/2016;Cash;Food;-461;RUB;-461;RUB;
25/11/2016;Cash;Electronics;-225;RUB;-225;RUB;
26/11/2016;Cash;Eating out;-179;RUB;-179;RUB;
27/11/2016;Cash;Eating out;-178;RUB;-178;RUB;
27/11/2016;Cash;Selling;450;RUB;450;RUB;��������
27/11/2016;Cash;Car;-320;RUB;-320;RUB;������
28/11/2016;Cash;House;-1056;RUB;-1056;RUB;��������
28/11/2016;Cash;Eating out;-50;RUB;-50;RUB;
28/11/2016;Cash;Car;-3400;RUB;-3400;RUB;�������
29/11/2016;Cash;Eating out;-180;RUB;-180;RUB;
29/11/2016;Cash;Clothes;-355;RUB;-355;RUB;
29/11/2016;Cash;Food;-264;RUB;-264;RUB;
30/11/2016;Cash;Eating out;-50;RUB;-50;RUB;
30/11/2016;Cash;Eating out;-180;RUB;-180;RUB;
30/11/2016;Cash;Food;-50;RUB;-50;RUB;
30/11/2016;Cash;Car;-900;RUB;-900;RUB;�����
01/12/2016;Cash;Eating out;-223;RUB;-223;RUB;
01/12/2016;Cash;Eating out;-380;RUB;-380;RUB;
02/12/2016;Cash;Eating out;-183;RUB;-183;RUB;
02/12/2016;Cash;Communications;-200;RUB;-200;RUB;
02/12/2016;Cash;Eating out;-30;RUB;-30;RUB;
03/12/2016;Cash;Car;-300;RUB;-300;RUB;�����
03/12/2016;Cash;Car;-665;RUB;-665;RUB;�������
04/12/2016;Cash;Car;-604;RUB;-604;RUB;��������
04/12/2016;Cash;Car;-2500;RUB;-2500;RUB;�������
04/12/2016;Cash;Food;-553;RUB;-553;RUB;
04/12/2016;Cash;Selling;1500;RUB;1500;RUB;
05/12/2016;Cash;Eating out;-50;RUB;-50;RUB;
05/12/2016;Cash;Eating out;-163;RUB;-163;RUB;
05/12/2016;Cash;Salary;15700;RUB;15700;RUB;
06/12/2016;Cash;Car;-250;RUB;-250;RUB;����
06/12/2016;Cash;Eating out;-50;RUB;-50;RUB;
06/12/2016;Cash;Eating out;-35;RUB;-35;RUB;
06/12/2016;Cash;Food;-327;RUB;-327;RUB;
06/12/2016;Cash;Eating out;-200;RUB;-200;RUB;
07/12/2016;Cash;Eating out;-50;RUB;-50;RUB;
07/12/2016;Cash;Eating out;-180;RUB;-180;RUB;
07/12/2016;Cash;Food;-240;RUB;-240;RUB;
07/12/2016;Cash;Health;-2400;RUB;-2400;RUB;����
08/12/2016;Cash;Eating out;-200;RUB;-200;RUB;
08/12/2016;Cash;Eating out;-300;RUB;-300;RUB;
09/12/2016;Cash;Eating out;-50;RUB;-50;RUB;
09/12/2016;Cash;Eating out;-160;RUB;-160;RUB;
09/12/2016;Cash;House;-184;RUB;-184;RUB;
09/12/2016;Cash;Clothes;-176;RUB;-176;RUB;
09/12/2016;Cash;Food;-485;RUB;-485;RUB;
09/12/2016;Cash;Car;-206;RUB;-206;RUB;
10/12/2016;Cash;Transport;-200;RUB;-200;RUB;
10/12/2016;Cash;Eating out;-279;RUB;-279;RUB;
11/12/2016;Cash;Entertainment;-1050;RUB;-1050;RUB;
11/12/2016;Cash;Food;-423;RUB;-423;RUB;
11/12/2016;Cash;Eating out;-218;RUB;-218;RUB;
12/12/2016;Cash;Food;-270;RUB;-270;RUB;
12/12/2016;Cash;Eating out;-205;RUB;-205;RUB;
12/12/2016;Cash;Salary;48000;RUB;48000;RUB;
13/12/2016;Cash;Communications;-300;RUB;-300;RUB;
13/12/2016;Cash;Eating out;-180;RUB;-180;RUB;
13/12/2016;Cash;House;-3256;RUB;-3256;RUB;
13/12/2016;Cash;Food;-102;RUB;-102;RUB;
14/12/2016;Cash;Transport;-2100;RUB;-2100;RUB;
14/12/2016;Cash;Eating out;-180;RUB;-180;RUB;
15/12/2016;Cash;Eating out;-50;RUB;-50;RUB;
15/12/2016;Cash;Eating out;-183;RUB;-183;RUB;
15/12/2016;Cash;Eating out;-410;RUB;-410;RUB;
16/12/2016;Cash;Entertainment;-1000;RUB;-1000;RUB;
16/12/2016;Cash;Transport;-40;RUB;-40;RUB;
17/12/2016;Cash;Entertainment;-350;RUB;-350;RUB;
17/12/2016;Cash;Salary;26445;RUB;26445;RUB;
18/12/2016;Cash;Eating out;-430;RUB;-430;RUB;
18/12/2016;Cash;Communications;-100;RUB;-100;RUB;
18/12/2016;Cash;Entertainment;-300;RUB;-300;RUB;
18/12/2016;Cash;Entertainment;-250;RUB;-250;RUB;
18/12/2016;Cash;Transport;-200;RUB;-200;RUB;
19/12/2016;Cash;Eating out;-135;RUB;-135;RUB;
19/12/2016;Cash;Entertainment;-120;RUB;-120;RUB;
19/12/2016;Cash;House;-200;RUB;-200;RUB;
19/12/2016;Cash;Food;-148;RUB;-148;RUB;
19/12/2016;Cash;Selling;4500;RUB;4500;RUB;������
19/12/2016;Cash;Food;-62;RUB;-62;RUB;
19/12/2016;Cash;Clothes;-494;RUB;-494;RUB;
19/12/2016;Cash;Food;-268;RUB;-268;RUB;
19/12/2016;Cash;Entertainment;-350;RUB;-350;RUB;
21/12/2016;Cash;Health;-337;RUB;-337;RUB;
21/12/2016;Cash;Eating out;-268;RUB;-268;RUB;
21/12/2016;Cash;Transport;-300;RUB;-300;RUB;
21/12/2016;Cash;Clothes;-800;RUB;-800;RUB;
22/12/2016;Cash;Transport;-1700;RUB;-1700;RUB;������ � ���
22/12/2016;Cash;Eating out;-268;RUB;-268;RUB;
22/12/2016;Cash;Clothes;-2490;RUB;-2490;RUB;���������
22/12/2016;Cash;Eating out;-280;RUB;-280;RUB;
23/12/2016;Cash;Electronics;-130;RUB;-130;RUB;����
23/12/2016;Cash;Electronics;-730;RUB;-730;RUB;���������
24/12/2016;Cash;Entertainment;-1500;RUB;-1500;RUB;
24/12/2016;Cash;Salary;30000;RUB;30000;RUB;
24/12/2016;Cash;Electronics;-384;RUB;-384;RUB;�����
24/12/2016;Cash;Electronics;-600;RUB;-600;RUB;��������
25/12/2016;Cash;Selling;1000;RUB;1000;RUB;
25/12/2016;Cash;Food;-758;RUB;-758;RUB;
26/12/2016;Cash;Food;-204;RUB;-204;RUB;
26/12/2016;Cash;Car;-2500;RUB;-2500;RUB;��������
26/12/2016;Cash;Eating out;-279;RUB;-279;RUB;
26/12/2016;Cash;Transport;-200;RUB;-200;RUB;
27/12/2016;Cash;House;-819;RUB;-819;RUB;
27/12/2016;Cash;Car;-352;RUB;-352;RUB;������
27/12/2016;Cash;Eating out;-296;RUB;-296;RUB;
28/12/2016;Cash;Food;-565;RUB;-565;RUB;
28/12/2016;Cash;House;-555;RUB;-555;RUB;�������� �������
29/12/2016;Cash;Health;-400;RUB;-400;RUB;�������
29/12/2016;Cash;Food;-69;RUB;-69;RUB;
29/12/2016;Cash;Entertainment;-160;RUB;-160;RUB;
29/12/2016;Cash;Eating out;-350;RUB;-350;RUB;
30/12/2016;Cash;House;-439;RUB;-439;RUB;
30/12/2016;Cash;Entertainment;-1200;RUB;-1200;RUB;
30/12/2016;Cash;Food;-600;RUB;-600;RUB;
31/12/2016;Cash;Electronics;-3200;RUB;-3200;RUB;3dlut
31/12/2016;Cash;Entertainment;-2500;RUB;-2500;RUB;
01/01/2017;Cash;Communications;-300;RUB;-300;RUB;
02/01/2017;Cash;Eating out;-120;RUB;-120;RUB;
02/01/2017;Cash;Transport;-500;RUB;-500;RUB;
02/01/2017;Cash;Food;-150;RUB;-150;RUB;
02/01/2017;Cash;Eating out;-300;RUB;-300;RUB;
02/01/2017;Cash;Entertainment;-750;RUB;-750;RUB;
02/01/2017;Cash;Food;-550;RUB;-550;RUB;
03/01/2017;Cash;Eating out;-378;RUB;-378;RUB;
03/01/2017;Cash;Entertainment;-315;RUB;-315;RUB;
04/01/2017;Cash;Transport;-70;RUB;-70;RUB;
04/01/2017;Cash;Eating out;-395;RUB;-395;RUB;
04/01/2017;Cash;Health;-25;RUB;-25;RUB;
04/01/2017;Cash;Transport;-50;RUB;-50;RUB;
04/01/2017;Cash;Eating out;-368;RUB;-368;RUB;
04/01/2017;Cash;Eating out;-111;RUB;-111;RUB;
05/01/2017;Cash;Eating out;-400;RUB;-400;RUB;
05/01/2017;Cash;Transport;-100;RUB;-100;RUB;
05/01/2017;Cash;Eating out;-176;RUB;-176;RUB;
05/01/2017;Cash;Eating out;-302;RUB;-302;RUB;
06/01/2017;Cash;Eating out;-126;RUB;-126;RUB;
06/01/2017;Cash;Food;-49;RUB;-49;RUB;
06/01/2017;Cash;Food;-178;RUB;-178;RUB;
07/01/2017;Cash;Clothes;-400;RUB;-400;RUB;
07/01/2017;Cash;House;-184;RUB;-184;RUB;
07/01/2017;Cash;Clothes;-2000;RUB;-2000;RUB;
07/01/2017;Cash;Food;-243;RUB;-243;RUB;
07/01/2017;Cash;Food;-410;RUB;-410;RUB;
07/01/2017;Cash;Electronics;-283;RUB;-283;RUB;����
08/01/2017;Cash;Clothes;-1300;RUB;-1300;RUB;
09/01/2017;Cash;House;-1250;RUB;-1250;RUB;Ikea
09/01/2017;Cash;Car;-400;RUB;-400;RUB;
10/01/2017;Cash;Food;-328;RUB;-328;RUB;
10/01/2017;Cash;Entertainment;-300;RUB;-300;RUB;
10/01/2017;Cash;Eating out;-180;RUB;-180;RUB;
11/01/2017;Cash;Eating out;-172;RUB;-172;RUB;
11/01/2017;Cash;Transport;-124;RUB;-124;RUB;
11/01/2017;Cash;Food;-117;RUB;-117;RUB;
12/01/2017;Cash;Eating out;-250;RUB;-250;RUB;
12/01/2017;Cash;Health;-155;RUB;-155;RUB;
12/01/2017;Cash;Eating out;-340;RUB;-340;RUB;
12/01/2017;Cash;Eating out;-110;RUB;-110;RUB;
13/01/2017;Cash;Entertainment;-1000;RUB;-1000;RUB;
13/01/2017;Cash;Eating out;-200;RUB;-200;RUB;
13/01/2017;Cash;Food;-54;RUB;-54;RUB;
14/01/2017;Cash;House;-3240;RUB;-3240;RUB;House pay
14/01/2017;Cash;Clothes;-200;RUB;-200;RUB;Repair
15/01/2017;Cash;Food;-362;RUB;-362;RUB;
16/01/2017;Cash;Eating out;-180;RUB;-180;RUB;
16/01/2017;Cash;Food;-47;RUB;-47;RUB;
16/01/2017;Cash;Communications;-100;RUB;-100;RUB;
16/01/2017;Cash;Eating out;-279;RUB;-279;RUB;
16/01/2017;Cash;Entertainment;-350;RUB;-350;RUB;
16/01/2017;Cash;Transport;-300;RUB;-300;RUB;
17/01/2017;Cash;Eating out;-240;RUB;-240;RUB;
17/01/2017;Cash;Food;-147;RUB;-147;RUB;
17/01/2017;Cash;Health;-700;RUB;-700;RUB;
18/01/2017;Cash;Eating out;-180;RUB;-180;RUB;
18/01/2017;Cash;Food;-47;RUB;-47;RUB;
18/01/2017;Cash;Food;-63;RUB;-63;RUB;
19/01/2017;Cash;Eating out;-220;RUB;-220;RUB;
19/01/2017;Cash;Eating out;-300;RUB;-300;RUB;
19/01/2017;Cash;Eating out;-220;RUB;-220;RUB;
19/01/2017;Cash;Transport;-300;RUB;-300;RUB;
20/01/2017;Cash;Eating out;-180;RUB;-180;RUB;
20/01/2017;Cash;Entertainment;-900;RUB;-900;RUB;
21/01/2017;Cash;Transport;-225;RUB;-225;RUB;�����
21/01/2017;Cash;House;-300;RUB;-300;RUB;Energy
21/01/2017;Cash;Communications;-300;RUB;-300;RUB;Internet
22/01/2017;Cash;Food;-735;RUB;-735;RUB;
23/01/2017;Cash;Entertainment;-350;RUB;-350;RUB;��
23/01/2017;Cash;Eating out;-220;RUB;-220;RUB;
23/01/2017;Cash;Electronics;-170;RUB;-170;RUB;����
23/01/2017;Cash;Food;-175;RUB;-175;RUB;
24/01/2017;Cash;Eating out;-120;RUB;-120;RUB;
24/01/2017;Cash;Eating out;-180;RUB;-180;RUB;
25/01/2017;Cash;Eating out;-220;RUB;-220;RUB;
25/01/2017;Cash;Health;-2000;RUB;-2000;RUB;����
26/01/2017;Cash;Eating out;-180;RUB;-180;RUB;
26/01/2017;Cash;Food;-33;RUB;-33;RUB;
26/01/2017;Cash;Eating out;-430;RUB;-430;RUB;
26/01/2017;Cash;Eating out;-100;RUB;-100;RUB;
26/01/2017;Cash;Transport;-300;RUB;-300;RUB;
27/01/2017;Cash;Eating out;-180;RUB;-180;RUB;
28/01/2017;Cash;House;-660;RUB;-660;RUB;
28/01/2017;Cash;Clothes;-800;RUB;-800;RUB;�������
28/01/2017;Cash;Clothes;-1673;RUB;-1673;RUB;�������
29/01/2017;Cash;Food;-715;RUB;-715;RUB;
29/01/2017;Cash;Clothes;-328;RUB;-328;RUB;�����
29/01/2017;Cash;Food;-233;RUB;-233;RUB;
30/01/2017;Cash;Eating out;-220;RUB;-220;RUB;
30/01/2017;Cash;Salary;9887;RUB;9887;RUB;
30/01/2017;Cash;Car;-1500;RUB;-1500;RUB;
31/01/2017;Cash;Eating out;-180;RUB;-180;RUB;
31/01/2017;Cash;Health;-430;RUB;-430;RUB;
31/01/2017;Cash;Food;-201;RUB;-201;RUB;
31/01/2017;Cash;Food;-143;RUB;-143;RUB;
01/02/2017;Cash;Entertainment;-1560;RUB;-1560;RUB;
01/02/2017;Cash;Eating out;-220;RUB;-220;RUB;
01/02/2017;Cash;Transport;-300;RUB;-300;RUB;
01/02/2017;Cash;Transport;-300;RUB;-300;RUB;
02/02/2017;Cash;Eating out;-180;RUB;-180;RUB;
02/02/2017;Cash;Food;-54;RUB;-54;RUB;
02/02/2017;Cash;Eating out;-470;RUB;-470;RUB;
02/02/2017;Cash;Eating out;-220;RUB;-220;RUB;
02/02/2017;Cash;Food;-100;RUB;-100;RUB;
03/02/2017;Cash;Eating out;-220;RUB;-220;RUB;
03/02/2017;Cash;Food;-45;RUB;-45;RUB;
03/02/2017;Cash;Food;-271;RUB;-271;RUB;
04/02/2017;Cash;Food;-994;RUB;-994;RUB;
04/02/2017;Cash;House;-184;RUB;-184;RUB;
05/02/2017;Cash;Electronics;-2400;RUB;-2400;RUB;Imax b6
05/02/2017;Cash;Pets;-350;RUB;-350;RUB;
05/02/2017;Cash;Food;-74;RUB;-74;RUB;
05/02/2017;Cash;Electronics;-800;RUB;-800;RUB;�������
05/02/2017;Cash;Electronics;-1046;RUB;-1046;RUB;�������
06/02/2017;Cash;Eating out;-220;RUB;-220;RUB;
06/02/2017;Cash;Food;-65;RUB;-65;RUB;
06/02/2017;Cash;Eating out;-170;RUB;-170;RUB;
06/02/2017;Cash;Entertainment;-350;RUB;-350;RUB;
07/02/2017;Cash;Food;-196;RUB;-196;RUB;
07/02/2017;Cash;Eating out;-210;RUB;-210;RUB;
07/02/2017;Cash;Food;-40;RUB;-40;RUB;
07/02/2017;Cash;Transport;-300;RUB;-300;RUB;
07/02/2017;Cash;Food;-230;RUB;-230;RUB;
08/02/2017;Cash;Eating out;-250;RUB;-250;RUB;
09/02/2017;Cash;Eating out;-180;RUB;-180;RUB;
09/02/2017;Cash;Eating out;-420;RUB;-420;RUB;
10/02/2017;Cash;Eating out;-220;RUB;-220;RUB;
10/02/2017;Cash;Food;-40;RUB;-40;RUB;
10/02/2017;Cash;Transport;-300;RUB;-300;RUB;
10/02/2017;Cash;Food;-207;RUB;-207;RUB;
11/02/2017;Cash;Food;-215;RUB;-215;RUB;
12/02/2017;Cash;Clothes;-990;RUB;-990;RUB;
12/02/2017;Cash;Food;-240;RUB;-240;RUB;
12/02/2017;Cash;Car;-590;RUB;-590;RUB;����
13/02/2017;Cash;Eating out;-180;RUB;-180;RUB;
13/02/2017;Cash;Food;-104;RUB;-104;RUB;
13/02/2017;Cash;Food;-116;RUB;-116;RUB;
14/02/2017;Cash;Eating out;-220;RUB;-220;RUB;
14/02/2017;Cash;Electronics;-1130;RUB;-1130;RUB;�����
15/02/2017;Cash;Eating out;-220;RUB;-220;RUB;
15/02/2017;Cash;Communications;-200;RUB;-200;RUB;
15/02/2017;Cash;Communications;-100;RUB;-100;RUB;
16/02/2017;Cash;Pets;-1861;RUB;-1861;RUB;
16/02/2017;Cash;Salary;46811;RUB;46811;RUB;
16/02/2017;Cash;Eating out;-220;RUB;-220;RUB;
16/02/2017;Cash;Food;-70;RUB;-70;RUB;
16/02/2017;Cash;Eating out;-360;RUB;-360;RUB;
16/02/2017;Cash;Eating out;-110;RUB;-110;RUB;
16/02/2017;Cash;House;-3575;RUB;-3575;RUB;
17/02/2017;Cash;Eating out;-210;RUB;-210;RUB;
17/02/2017;Cash;Selling;600;RUB;600;RUB;
17/02/2017;Cash;Food;-27;RUB;-27;RUB;
17/02/2017;Cash;Transport;-300;RUB;-300;RUB;
17/02/2017;Cash;House;-300;RUB;-300;RUB;
17/02/2017;Cash;Food;-127;RUB;-127;RUB;
17/02/2017;Cash;Food;-233;RUB;-233;RUB;
18/02/2017;Cash;Health;-7500;RUB;-7500;RUB;����
19/02/2017;Cash;Food;-278;RUB;-278;RUB;
20/02/2017;Cash;Food;-37.5;RUB;-37.5;RUB;
20/02/2017;Cash;Eating out;-180;RUB;-180;RUB;
21/02/2017;Cash;Food;-149;RUB;-149;RUB;
21/02/2017;Cash;Eating out;-220;RUB;-220;RUB;
21/02/2017;Cash;Food;-100;RUB;-100;RUB;
22/02/2017;Cash;Vacation;-16700;RUB;-16700;RUB;Tickets
22/02/2017;Cash;Eating out;-180;RUB;-180;RUB;
22/02/2017;Cash;Transport;-70;RUB;-70;RUB;
22/02/2017;Cash;Food;-461;RUB;-461;RUB;
23/02/2017;Cash;Communications;-300;RUB;-300;RUB;
23/02/2017;Cash;Eating out;-270;RUB;-270;RUB;
23/02/2017;Cash;Transport;-300;RUB;-300;RUB;
24/02/2017;Cash;Health;-600;RUB;-600;RUB;
24/02/2017;Cash;Food;-84;RUB;-84;RUB;
24/02/2017;Cash;Food;-1135;RUB;-1135;RUB;
25/02/2017;Cash;Eating out;-194;RUB;-194;RUB;
25/02/2017;Cash;Entertainment;-1000;RUB;-1000;RUB;
26/02/2017;Cash;Selling;6000;RUB;6000;RUB;���� �����
26/02/2017;Cash;Pets;-259;RUB;-259;RUB;
26/02/2017;Cash;Food;-70;RUB;-70;RUB;
26/02/2017;Cash;Food;-132;RUB;-132;RUB;
27/02/2017;Cash;Eating out;-180;RUB;-180;RUB;
27/02/2017;Cash;Eating out;-279;RUB;-279;RUB;
28/02/2017;Cash;Eating out;-220;RUB;-220;RUB;
01/03/2017;Cash;Eating out;-260;RUB;-260;RUB;
01/03/2017;Cash;Transport;-175;RUB;-175;RUB;
01/03/2017;Cash;Food;-254;RUB;-254;RUB;
01/03/2017;Cash;Electronics;-119;RUB;-119;RUB;
02/03/2017;Cash;Eating out;-204;RUB;-204;RUB;
02/03/2017;Cash;Eating out;-140;RUB;-140;RUB;
02/03/2017;Cash;Eating out;-220;RUB;-220;RUB;
02/03/2017;Cash;Eating out;-50;RUB;-50;RUB;
02/03/2017;Cash;Transport;-200;RUB;-200;RUB;
03/03/2017;Cash;Eating out;-220;RUB;-220;RUB;
03/03/2017;Cash;Salary;25678;RUB;25678;RUB;
03/03/2017;Cash;Food;-134;RUB;-134;RUB;
04/03/2017;Cash;Food;-54;RUB;-54;RUB;
05/03/2017;Cash;Health;-14100;RUB;-14100;RUB;���������
05/03/2017;Cash;Food;-220;RUB;-220;RUB;
06/03/2017;Cash;Eating out;-180;RUB;-180;RUB;
06/03/2017;Cash;Electronics;-2020;RUB;-2020;RUB;�������
07/03/2017;Cash;Eating out;-223;RUB;-223;RUB;
07/03/2017;Cash;Transport;-300;RUB;-300;RUB;
08/03/2017;Cash;Food;-35;RUB;-35;RUB;
08/03/2017;Cash;Entertainment;-420;RUB;-420;RUB;
08/03/2017;Cash;Health;-431;RUB;-431;RUB;
08/03/2017;Cash;Food;-350;RUB;-350;RUB;
09/03/2017;Cash;Entertainment;-300;RUB;-300;RUB;
09/03/2017;Cash;Eating out;-180;RUB;-180;RUB;
09/03/2017;Cash;Eating out;-130;RUB;-130;RUB;
09/03/2017;Cash;Eating out;-250;RUB;-250;RUB;
10/03/2017;Cash;Eating out;-220;RUB;-220;RUB;
11/03/2017;Cash;Entertainment;-300;RUB;-300;RUB;
11/03/2017;Cash;Eating out;-283;RUB;-283;RUB;
12/03/2017;Cash;Vacation;-3500;RUB;-3500;RUB;������ ����� 
12/03/2017;Cash;Entertainment;-590;RUB;-590;RUB;
12/03/2017;Cash;Food;-403;RUB;-403;RUB;
13/03/2017;Cash;Eating out;-220;RUB;-220;RUB;
13/03/2017;Cash;Food;-37;RUB;-37;RUB;
13/03/2017;Cash;Health;-73;RUB;-73;RUB;
13/03/2017;Cash;Entertainment;-800;RUB;-800;RUB;
13/03/2017;Cash;Entertainment;-310;RUB;-310;RUB;
13/03/2017;Cash;Transport;-300;RUB;-300;RUB;
13/03/2017;Cash;Food;-59;RUB;-59;RUB;
14/03/2017;Cash;Eating out;-180;RUB;-180;RUB;
14/03/2017;Cash;Electronics;-15000;RUB;-15000;RUB;�������
15/03/2017;Cash;Eating out;-220;RUB;-220;RUB;
15/03/2017;Cash;Food;-283;RUB;-283;RUB;
16/03/2017;Cash;Salary;34351;RUB;34351;RUB;
16/03/2017;Cash;House;-3557;RUB;-3557;RUB;
16/03/2017;Cash;House;-194;RUB;-194;RUB;
16/03/2017;Cash;Eating out;-400;RUB;-400;RUB;
16/03/2017;Cash;Eating out;-140;RUB;-140;RUB;
16/03/2017;Cash;Eating out;-150;RUB;-150;RUB;
17/03/2017;Cash;Eating out;-180;RUB;-180;RUB;
17/03/2017;Cash;Eating out;-140;RUB;-140;RUB;
17/03/2017;Cash;Entertainment;-2000;RUB;-2000;RUB;Oomph
17/03/2017;Cash;Entertainment;-500;RUB;-500;RUB;
18/03/2017;Cash;Transport;-200;RUB;-200;RUB;
18/03/2017;Cash;Eating out;-220;RUB;-220;RUB;
18/03/2017;Cash;Entertainment;-150;RUB;-150;RUB;
18/03/2017;Cash;Entertainment;-650;RUB;-650;RUB;
19/03/2017;Cash;Electronics;-275;RUB;-275;RUB;������
19/03/2017;Cash;Eating out;-82;RUB;-82;RUB;
20/03/2017;Cash;Eating out;-220;RUB;-220;RUB;
20/03/2017;Cash;Eating out;-378;RUB;-378;RUB;
21/03/2017;Cash;Eating out;-180;RUB;-180;RUB;
21/03/2017;Cash;Food;-35;RUB;-35;RUB;
21/03/2017;Cash;Transport;-300;RUB;-300;RUB;
21/03/2017;Cash;Food;-301;RUB;-301;RUB;
21/03/2017;Cash;Selling;5000;RUB;5000;RUB;������
22/03/2017;Cash;House;-300;RUB;-300;RUB;
22/03/2017;Cash;Eating out;-260;RUB;-260;RUB;
22/03/2017;Cash;Communications;-100;RUB;-100;RUB;
22/03/2017;Cash;Communications;-300;RUB;-300;RUB;
22/03/2017;Cash;Food;-392;RUB;-392;RUB;
23/03/2017;Cash;Food;-99;RUB;-99;RUB;
23/03/2017;Cash;Eating out;-250;RUB;-250;RUB;
23/03/2017;Cash;Eating out;-110;RUB;-110;RUB;
23/03/2017;Cash;Eating out;-160;RUB;-160;RUB;
24/03/2017;Cash;Entertainment;-300;RUB;-300;RUB;
24/03/2017;Cash;Eating out;-250;RUB;-250;RUB;
24/03/2017;Cash;Eating out;-209;RUB;-209;RUB;
24/03/2017;Cash;Entertainment;-500;RUB;-500;RUB;
25/03/2017;Cash;Eating out;-258;RUB;-258;RUB;
25/03/2017;Cash;Entertainment;-250;RUB;-250;RUB;
25/03/2017;Cash;Transport;-300;RUB;-300;RUB;
25/03/2017;Cash;Food;-141;RUB;-141;RUB;
26/03/2017;Cash;Electronics;-35;RUB;-35;RUB;
26/03/2017;Cash;Food;-59;RUB;-59;RUB;
26/03/2017;Cash;Food;-871;RUB;-871;RUB;
26/03/2017;Cash;Food;-72;RUB;-72;RUB;
27/03/2017;Cash;Entertainment;-300;RUB;-300;RUB;
27/03/2017;Cash;Food;-29;RUB;-29;RUB;
27/03/2017;Cash;Eating out;-279;RUB;-279;RUB;
28/03/2017;Cash;Electronics;-947;RUB;-947;RUB;������� ������
28/03/2017;Cash;Eating out;-180;RUB;-180;RUB;
28/03/2017;Cash;Food;-180;RUB;-180;RUB;
29/03/2017;Cash;Electronics;-485;RUB;-485;RUB;������
29/03/2017;Cash;Eating out;-250;RUB;-250;RUB;
29/03/2017;Cash;Transport;-40;RUB;-40;RUB;
29/03/2017;Cash;Electronics;-195;RUB;-195;RUB;�������
30/03/2017;Cash;Eating out;-250;RUB;-250;RUB;
30/03/2017;Cash;Food;-37;RUB;-37;RUB;
30/03/2017;Cash;Health;-520;RUB;-520;RUB;
30/03/2017;Cash;Eating out;-140;RUB;-140;RUB;
30/03/2017;Cash;Transport;-300;RUB;-300;RUB;
31/03/2017;Cash;Eating out;-250;RUB;-250;RUB;
31/03/2017;Cash;Food;-37;RUB;-37;RUB;
31/03/2017;Cash;Salary;19550;RUB;19550;RUB;
31/03/2017;Cash;Electronics;-1415;RUB;-1415;RUB;Headphones
31/03/2017;Cash;Food;-322;RUB;-322;RUB;
01/04/2017;Cash;Car;-200;RUB;-200;RUB;
02/04/2017;Cash;Eating out;-178;RUB;-178;RUB;
02/04/2017;Cash;Food;-68;RUB;-68;RUB;
03/04/2017;Cash;Eating out;-195;RUB;-195;RUB;
03/04/2017;Cash;Food;-61;RUB;-61;RUB;
03/04/2017;Cash;Eating out;-209;RUB;-209;RUB;
04/04/2017;Cash;Eating out;-260;RUB;-260;RUB;
04/04/2017;Cash;Entertainment;-2450;RUB;-2450;RUB;
04/04/2017;Cash;Entertainment;-230;RUB;-230;RUB;
05/04/2017;Cash;Eating out;-220;RUB;-220;RUB;
05/04/2017;Cash;Food;-72;RUB;-72;RUB;
06/04/2017;Cash;Eating out;-210;RUB;-210;RUB;
06/04/2017;Cash;Food;-53;RUB;-53;RUB;
06/04/2017;Cash;Selling;60000;RUB;60000;RUB;���
06/04/2017;Cash;Eating out;-250;RUB;-250;RUB;
06/04/2017;Cash;Eating out;-120;RUB;-120;RUB;
06/04/2017;Cash;Transport;-300;RUB;-300;RUB;
07/04/2017;Cash;Food;-221;RUB;-221;RUB;
07/04/2017;Cash;Eating out;-220;RUB;-220;RUB;
07/04/2017;Cash;Food;-17;RUB;-17;RUB;
07/04/2017;Cash;Eating out;-171;RUB;-171;RUB;
07/04/2017;Cash;Entertainment;-600;RUB;-600;RUB;
08/04/2017;Cash;Food;-195;RUB;-195;RUB;
08/04/2017;Cash;Transport;-40;RUB;-40;RUB;
08/04/2017;Cash;Eating out;-278;RUB;-278;RUB;
08/04/2017;Cash;House;-2693;RUB;-2693;RUB;������ �������� �������
08/04/2017;Cash;Selling;3800;RUB;3800;RUB;Canon 50
09/04/2017;Cash;Electronics;-1581;RUB;-1581;RUB;Battery
09/04/2017;Cash;Eating out;-279;RUB;-279;RUB;
10/04/2017;Cash;Eating out;-180;RUB;-180;RUB;
10/04/2017;Cash;Eating out;-279;RUB;-279;RUB;
11/04/2017;Cash;Eating out;-250;RUB;-250;RUB;
11/04/2017;Cash;Food;-72;RUB;-72;RUB;
12/04/2017;Cash;Eating out;-179;RUB;-179;RUB;
12/04/2017;Cash;Food;-280;RUB;-280;RUB;
12/04/2017;Cash;House;-184;RUB;-184;RUB;���
12/04/2017;Cash;Selling;2000;RUB;2000;RUB;��������������
12/04/2017;Cash;Food;-160;RUB;-160;RUB;
13/04/2017;Cash;Entertainment;-1100;RUB;-1100;RUB;
13/04/2017;Cash;Entertainment;-1010;RUB;-1010;RUB;
13/04/2017;Cash;Eating out;-180;RUB;-180;RUB;
13/04/2017;Cash;Selling;300;RUB;300;RUB;Cable
13/04/2017;Cash;Eating out;-300;RUB;-300;RUB;
13/04/2017;Cash;Entertainment;-200;RUB;-200;RUB;
14/04/2017;Cash;Transport;-300;RUB;-300;RUB;
14/04/2017;Cash;Electronics;-96000;RUB;-96000;RUB;Sony a7
14/04/2017;Cash;Eating out;-250;RUB;-250;RUB;
14/04/2017;Cash;Food;-75;RUB;-75;RUB;
14/04/2017;Cash;Selling;2300;RUB;2300;RUB;��
14/04/2017;Cash;Food;-150;RUB;-150;RUB;
16/04/2017;Cash;House;-3215;RUB;-3215;RUB;
16/04/2017;Cash;Eating out;-200;RUB;-200;RUB;
16/04/2017;Cash;Transport;-300;RUB;-300;RUB;
16/04/2017;Cash;Entertainment;-500;RUB;-500;RUB;
17/04/2017;Cash;Electronics;-4315;RUB;-4315;RUB;����������
17/04/2017;Cash;Eating out;-180;RUB;-180;RUB;
17/04/2017;Cash;Food;-30;RUB;-30;RUB;
17/04/2017;Cash;Communications;-390;RUB;-390;RUB;
17/04/2017;Cash;Salary;20464;RUB;20464;RUB;
17/04/2017;Cash;Eating out;-279;RUB;-279;RUB;
17/04/2017;Cash;Food;-175;RUB;-175;RUB;
18/04/2017;Cash;Eating out;-250;RUB;-250;RUB;
18/04/2017;Cash;Food;-115;RUB;-115;RUB;
18/04/2017;Cash;Food;-145;RUB;-145;RUB;
19/04/2017;Cash;Eating out;-250;RUB;-250;RUB;
19/04/2017;Cash;Food;-37;RUB;-37;RUB;
19/04/2017;Cash;Food;-365;RUB;-365;RUB;
20/04/2017;Cash;Electronics;-340;RUB;-340;RUB;���������� fd
20/04/2017;Cash;Eating out;-250;RUB;-250;RUB;
20/04/2017;Cash;Food;-53;RUB;-53;RUB;
20/04/2017;Cash;Eating out;-250;RUB;-250;RUB;
20/04/2017;Cash;Eating out;-90;RUB;-90;RUB;
20/04/2017;Cash;Transport;-300;RUB;-300;RUB;
21/04/2017;Cash;Eating out;-250;RUB;-250;RUB;
21/04/2017;Cash;Entertainment;-350;RUB;-350;RUB;
22/04/2017;Cash;Entertainment;-1000;RUB;-1000;RUB;�������
22/04/2017;Cash;Selling;1700;RUB;1700;RUB;�������
22/04/2017;Cash;Food;-1765;RUB;-1765;RUB;
22/04/2017;Cash;Food;-365;RUB;-365;RUB;
23/04/2017;Cash;Health;-400;RUB;-400;RUB;
23/04/2017;Cash;Clothes;-1400;RUB;-1400;RUB;
23/04/2017;Cash;Food;-207;RUB;-207;RUB;
23/04/2017;Cash;Clothes;-500;RUB;-500;RUB;
23/04/2017;Cash;Food;-875;RUB;-875;RUB;
23/04/2017;Cash;Clothes;-512;RUB;-512;RUB;
24/04/2017;Cash;Entertainment;-300;RUB;-300;RUB;
24/04/2017;Cash;Eating out;-279;RUB;-279;RUB;
24/04/2017;Cash;Electronics;-1600;RUB;-1600;RUB;Battery
25/04/2017;Cash;Food;-235;RUB;-235;RUB;
25/04/2017;Cash;Eating out;-250;RUB;-250;RUB;
26/04/2017;Cash;Eating out;-250;RUB;-250;RUB;
26/04/2017;Cash;Food;-66;RUB;-66;RUB;
27/04/2017;Cash;Eating out;-250;RUB;-250;RUB;
27/04/2017;Cash;Eating out;-280;RUB;-280;RUB;
27/04/2017;Cash;Eating out;-160;RUB;-160;RUB;
27/04/2017;Cash;Transport;-300;RUB;-300;RUB;
28/04/2017;Cash;Food;-66;RUB;-66;RUB;
28/04/2017;Cash;Food;-77;RUB;-77;RUB;
29/04/2017;Cash;Entertainment;-500;RUB;-500;RUB;
29/04/2017;Cash;Entertainment;-500;RUB;-500;RUB;Volleyball
29/04/2017;Cash;Transport;-40;RUB;-40;RUB;
30/04/2017;Cash;Selling;3000;RUB;3000;RUB;�������
30/04/2017;Cash;Food;-590;RUB;-590;RUB;
01/05/2017;Cash;Food;-67;RUB;-67;RUB;
01/05/2017;Cash;Health;-100;RUB;-100;RUB;
01/05/2017;Cash;Transport;-300;RUB;-300;RUB;
02/05/2017;Cash;Eating out;-168;RUB;-168;RUB;
02/05/2017;Cash;Food;-73;RUB;-73;RUB;
03/05/2017;Cash;Eating out;-250;RUB;-250;RUB;
03/05/2017;Cash;Food;-18;RUB;-18;RUB;
03/05/2017;Cash;Food;-150;RUB;-150;RUB;
03/05/2017;Cash;Food;-161;RUB;-161;RUB;
04/05/2017;Cash;Eating out;-250;RUB;-250;RUB;
04/05/2017;Cash;Eating out;-130;RUB;-130;RUB;
04/05/2017;Cash;Eating out;-90;RUB;-90;RUB;
04/05/2017;Cash;Transport;-200;RUB;-200;RUB;
04/05/2017;Cash;Food;-66;RUB;-66;RUB;
05/05/2017;Cash;Eating out;-250;RUB;-250;RUB;
05/05/2017;Cash;Food;-39;RUB;-39;RUB;
05/05/2017;Cash;Food;-38;RUB;-38;RUB;
06/05/2017;Cash;Food;-380;RUB;-380;RUB;
07/05/2017;Cash;Eating out;-200;RUB;-200;RUB;
08/05/2017;Cash;Food;-179;RUB;-179;RUB;
08/05/2017;Cash;Eating out;-178;RUB;-178;RUB;
08/05/2017;Cash;Transport;-300;RUB;-300;RUB;
08/05/2017;Cash;Eating out;-200;RUB;-200;RUB;
08/05/2017;Cash;Eating out;-219;RUB;-219;RUB;
09/05/2017;Cash;Food;-326;RUB;-326;RUB;
10/05/2017;Cash;Eating out;-168;RUB;-168;RUB;
10/05/2017;Cash;Food;-25;RUB;-25;RUB;
10/05/2017;Cash;Food;-116;RUB;-116;RUB;
11/05/2017;Cash;Eating out;-250;RUB;-250;RUB;
11/05/2017;Cash;Eating out;-210;RUB;-210;RUB;
12/05/2017;Cash;Eating out;-250;RUB;-250;RUB;
12/05/2017;Cash;Electronics;-6000;RUB;-6000;RUB;��������
12/05/2017;Cash;Food;-266;RUB;-266;RUB;
14/05/2017;Cash;Food;-66;RUB;-66;RUB;
14/05/2017;Cash;Eating out;-178;RUB;-178;RUB;
14/05/2017;Cash;House;-3175;RUB;-3175;RUB;
14/05/2017;Cash;House;-184;RUB;-184;RUB;
15/05/2017;Cash;Food;-1025;RUB;-1025;RUB;
15/05/2017;Cash;Eating out;-170;RUB;-170;RUB;
15/05/2017;Cash;Entertainment;-300;RUB;-300;RUB;
16/05/2017;Cash;Eating out;-250;RUB;-250;RUB;
16/05/2017;Cash;Food;-52;RUB;-52;RUB;
16/05/2017;Cash;Transport;-40;RUB;-40;RUB;
16/05/2017;Cash;Electronics;-1465;RUB;-1465;RUB;����� ������
16/05/2017;Cash;Transport;-300;RUB;-300;RUB;
16/05/2017;Cash;Food;-162;RUB;-162;RUB;
17/05/2017;Cash;Eating out;-250;RUB;-250;RUB;
18/05/2017;Cash;Eating out;-250;RUB;-250;RUB;
18/05/2017;Cash;Food;-34;RUB;-34;RUB;
18/05/2017;Cash;Eating out;-370;RUB;-370;RUB;
19/05/2017;Cash;Communications;-300;RUB;-300;RUB;
19/05/2017;Cash;Communications;-100;RUB;-100;RUB;
19/05/2017;Cash;Eating out;-296;RUB;-296;RUB;
19/05/2017;Cash;Food;-14;RUB;-14;RUB;
20/05/2017;Cash;Selling;6000;RUB;6000;RUB;28-70
20/05/2017;Cash;Food;-170;RUB;-170;RUB;
20/05/2017;Cash;Eating out;-290;RUB;-290;RUB;
20/05/2017;Cash;Eating out;-286;RUB;-286;RUB;
21/05/2017;Cash;Food;-165;RUB;-165;RUB;
21/05/2017;Cash;Transport;-35;RUB;-35;RUB;
21/05/2017;Cash;Eating out;-312;RUB;-312;RUB;
22/05/2017;Cash;Food;-188;RUB;-188;RUB;
22/05/2017;Cash;Food;-40;RUB;-40;RUB;
22/05/2017;Cash;Eating out;-222;RUB;-222;RUB;
23/05/2017;Cash;Transport;-300;RUB;-300;RUB;
23/05/2017;Cash;Eating out;-250;RUB;-250;RUB;
23/05/2017;Cash;Food;-88;RUB;-88;RUB;
23/05/2017;Cash;Health;-100;RUB;-100;RUB;
23/05/2017;Cash;House;-300;RUB;-300;RUB;
23/05/2017;Cash;Food;-143;RUB;-143;RUB;
24/05/2017;Cash;Food;-146;RUB;-146;RUB;
24/05/2017;Cash;Selling;550;RUB;550;RUB;����������
24/05/2017;Cash;Food;-71;RUB;-71;RUB;
24/05/2017;Cash;Eating out;-250;RUB;-250;RUB;
25/05/2017;Cash;Eating out;-250;RUB;-250;RUB;
25/05/2017;Cash;Food;-25;RUB;-25;RUB;
25/05/2017;Cash;Eating out;-300;RUB;-300;RUB;
26/05/2017;Cash;Food;-26;RUB;-26;RUB;
26/05/2017;Cash;Eating out;-250;RUB;-250;RUB;
26/05/2017;Cash;Salary;20465;RUB;20465;RUB;
26/05/2017;Cash;Salary;30015;RUB;30015;RUB;
26/05/2017;Cash;Vacation;-1350;RUB;-1350;RUB;�����
27/05/2017;Cash;Selling;1700;RUB;1700;RUB;��������
27/05/2017;Cash;Transport;-280;RUB;-280;RUB;
27/05/2017;Cash;Eating out;-308;RUB;-308;RUB;
27/05/2017;Cash;Clothes;-1330;RUB;-1330;RUB;
28/05/2017;Cash;Eating out;-350;RUB;-350;RUB;
28/05/2017;Cash;Food;-530;RUB;-530;RUB;
29/05/2017;Cash;Health;-53;RUB;-53;RUB;
29/05/2017;Cash;Vacation;-5500;RUB;-5500;RUB;����
29/05/2017;Cash;Eating out;-250;RUB;-250;RUB;
29/05/2017;Cash;Eating out;-279;RUB;-279;RUB;
